{"99": {"win": [-0.1650582459193502, 4.100682901291243], "kills": [-0.0620264728319143, 0.03935388661972588], "deaths": [0.031680190449917905, 0.08140208455769166], "assists": [-0.0075594784347933364, 0.02432626218122645], "totalDamageDealtToChampions": [-3.628581714525022e-05, 5.486413257976402e-09], "damageDealtToObjectives": [-7.341829807342381e-05, 6.299134597588776e-08], "visionScore": [0.03280709763189599, 0.0027800589126928516], "goldEarned": [-7.895368170693324e-05, 7.71607232472339e-08], "totalTimeCrowdControlDealt": [-0.0022627416173741158, 4.307684708198518e-06], "champLevel": [-0.13418638312969877, 0.13667201425848793], "totalMinionsKilled": [-0.013127462633673277, 4.3087396449229906e-05], "neutralMinionsKilled": [-0.07648867720432097, 0.0038554026257466003]}, "12": {"win": [-0.015283324555975994, 4.078076151477275], "kills": [-0.05186887573615828, 0.24953444507366487], "deaths": [-0.09948025713199043, 0.1225139172130077], "assists": [-0.024371571320393085, 0.023638072414169608], "totalDamageDealtToChampions": [-9.287538117451945e-05, 6.832774556944764e-08], "damageDealtToObjectives": [-0.00011976592876117725, 2.3160005356657715e-07], "visionScore": [-0.0055166721933726254, 0.0016428756274104001], "goldEarned": [-2.9703947545408385e-05, 1.9580787783715133e-07], "totalTimeCrowdControlDealt": [6.08683653138364e-05, 4.563696341768223e-06], "champLevel": [-0.017383177574404295, 0.1830162120825727], "totalMinionsKilled": [-0.010896489188915287, 0.0038951198778690295], "neutralMinionsKilled": [-0.02964925381569766, 0.04048512671201138]}, "497": {"win": [-0.12881564849934754, 4.124518535921149], "kills": [-0.13094336723127986, 0.1947762921665472], "deaths": [-0.0908624842408637, 0.09679773754517317], "assists": [0.0010669407740694723, 0.020370749317560884], "totalDamageDealtToChampions": [-0.00010906038964255481, 3.358749336186186e-08], "damageDealtToObjectives": [-5.399942927604653e-05, 1.5076761644650622e-07], "visionScore": [0.000986724699843211, 0.0015696590174268071], "goldEarned": [6.586185286590087e-05, 2.0646939165222512e-07], "totalTimeCrowdControlDealt": [0.00024260179996304853, 6.575757707611829e-06], "champLevel": [0.03938198114894863, 0.11762416448161153], "totalMinionsKilled": [-0.0005147415483808986, 0.0012023031290360046], "neutralMinionsKilled": [-0.04304059715099968, 0.18042548704808423]}, "412": {"win": [-0.2540815402388021, 4.085477362713855], "kills": [-0.09348110775283835, 0.433859663563653], "deaths": [-0.12646094471545322, 0.0927142315664543], "assists": [-0.050557397237674245, 0.01739419845846065], "totalDamageDealtToChampions": [-0.00011732014866205295, 1.0685639954732564e-07], "damageDealtToObjectives": [-0.00016575304432217238, 1.0733216491669544e-07], "visionScore": [-0.008093889801400498, 0.0016162254577300381], "goldEarned": [-6.579495597857569e-05, 2.470275140509022e-07], "totalTimeCrowdControlDealt": [-0.0006368986580520854, 3.791884936745943e-07], "champLevel": [-0.04438493655737748, 0.18305785016623544], "totalMinionsKilled": [0.008575609066725812, 0.003629466090591584], "neutralMinionsKilled": [0.025212510442952932, 1.2000864320380464]}, "432": {"win": [0.2829394935061885, 3.886464308614806], "kills": [0.009337172775706679, 0.18902901833832475], "deaths": [-0.09152208177321657, 0.08566948055062276], "assists": [-0.008823620493888422, 0.02203092062434796], "totalDamageDealtToChampions": [-2.1883472713881192e-05, 2.7969390542912685e-08], "damageDealtToObjectives": [0.0001033188091196584, 1.8557643332593645e-07], "visionScore": [0.005195093826073955, 0.001566598613249782], "goldEarned": [-2.462303086165597e-06, 1.32435187023491e-07], "totalTimeCrowdControlDealt": [-0.0004075977541403807, 7.237522290844953e-06], "champLevel": [0.005075635865532128, 0.11910050605058554], "totalMinionsKilled": [-5.8929147545849e-05, 0.0013131990958873256], "neutralMinionsKilled": [-0.03587559498929522, 0.0641975787166545]}, "25": {"win": [0.141236020588341, 4.008365240983066], "kills": [-0.0273475708169696, 0.1775007871099404], "deaths": [-0.11828788083509718, 0.0789795217042396], "assists": [0.003750023250410766, 0.014274510448266694], "totalDamageDealtToChampions": [-4.31853889276741e-05, 9.799377429048749e-09], "damageDealtToObjectives": [2.3497943422839577e-05, 1.1435506520317704e-07], "visionScore": [0.0027224852661413695, 0.001288170035408042], "goldEarned": [-1.6120386963613918e-05, 6.82282947230174e-08], "totalTimeCrowdControlDealt": [-0.0006203191847214424, 4.5410220991820223e-07], "champLevel": [0.010273325496413068, 0.08370444782767461], "totalMinionsKilled": [-0.007970393279792432, 1.41415866083872e-05], "neutralMinionsKilled": [-0.054244377443895465, 0.004244807367031497]}, "555": {"win": [-0.10815558742886063, 4.055784320105564], "kills": [-0.011317184491559043, 0.05651702457862055], "deaths": [-0.09697116041085066, 0.08631433050871416], "assists": [-0.025798569966586717, 0.03988033146393156], "totalDamageDealtToChampions": [-7.070614374691929e-05, 1.932239662775863e-08], "damageDealtToObjectives": [-6.838573260976048e-05, 1.0096124150997468e-07], "visionScore": [-0.0007202655391918449, 0.00117299806646393], "goldEarned": [-2.020961695723916e-05, 8.462499395376265e-08], "totalTimeCrowdControlDealt": [-0.00016809210669042576, 3.88567165364204e-06], "champLevel": [0.0003550468014099723, 0.09653455002762706], "totalMinionsKilled": [-0.008067541883445916, 0.0004406264912276451], "neutralMinionsKilled": [-0.017641941161827268, 0.0002756867282259624]}}