{"53": {"win": [-0.07478729617006327, 4.091374372485035], "kills": [-0.11134428258410746, 0.3917384020959048], "deaths": [-0.025320916027680017, 0.11671583677164264], "assists": [-0.013507000578923406, 0.027844638565123297], "totalDamageDealtToChampions": [-4.700871976957002e-05, 7.43924299514319e-08], "damageDealtToObjectives": [1.4856558374975708e-05, 2.2897941071739213e-07], "visionScore": [-0.004657472346435464, 0.0023282863561783595], "goldEarned": [-4.4337855830819e-06, 2.0337071447417343e-07], "totalTimeCrowdControlDealt": [-0.00035008069152960453, 3.5522111134415867e-06], "champLevel": [0.0425199024325422, 0.22078063972996306], "totalMinionsKilled": [0.01029052634084597, 0.004605322852049736], "neutralMinionsKilled": [-0.008534286590985127, 0.022221328691543675]}, "89": {"win": [-0.3122489618474364, 4.077964753833807], "kills": [-0.11393619429301574, 0.2752474833675319], "deaths": [-0.01807643574011844, 0.0904987901029349], "assists": [-0.005191944221237546, 0.03208786124171788], "totalDamageDealtToChampions": [-7.852971012647922e-05, 8.878284558829873e-08], "damageDealtToObjectives": [-8.265118306494639e-05, 2.986547742413736e-07], "visionScore": [-0.015906622670619482, 0.0011105633676900097], "goldEarned": [-7.813271233864161e-05, 1.930871235483146e-07], "totalTimeCrowdControlDealt": [-0.00010051022693646692, 2.768261818933809e-06], "champLevel": [0.020084373775175562, 0.20778423457859801], "totalMinionsKilled": [-0.021484924186645795, 0.0021758731058134843], "neutralMinionsKilled": [-0.04393614940518274, 0.19232275644976793]}, "412": {"win": [-0.6333898126391159, 3.8412442350122005], "kills": [-0.0730267901980089, 0.34231521142878246], "deaths": [0.0370495579120125, 0.12658067329183428], "assists": [-0.030833414759138107, 0.015856200203851405], "totalDamageDealtToChampions": [-2.342429351742581e-05, 8.790344418182905e-08], "damageDealtToObjectives": [-3.28555622046588e-05, 2.128964437430638e-07], "visionScore": [-0.00849164282213402, 0.0013154715446746872], "goldEarned": [2.6396113584225155e-05, 2.0436235963369096e-07], "totalTimeCrowdControlDealt": [-0.00046951453501003137, 7.412643269452611e-07], "champLevel": [0.059810708928339486, 0.17668913227064936], "totalMinionsKilled": [-0.014871838548214314, 0.003136815229076488], "neutralMinionsKilled": [-0.14578597973784252, 0.1328054145095224]}, "12": {"win": [0.30096806611034055, 3.894221748393954], "kills": [-0.14065217555106632, 0.25621468722327956], "deaths": [-0.06384652472409273, 0.12585124670435557], "assists": [-0.0394695048828008, 0.01687178435259005], "totalDamageDealtToChampions": [-0.0001337796470267796, 4.792738731831288e-08], "damageDealtToObjectives": [4.034388135150378e-05, 4.1880295772170203e-07], "visionScore": [-0.011362172746422906, 0.0020366098721875643], "goldEarned": [-9.623183756212876e-05, 1.719122402977435e-07], "totalTimeCrowdControlDealt": [0.00044673217112350987, 1.1989495564500133e-05], "champLevel": [-0.044096541507381765, 0.23116497418999385], "totalMinionsKilled": [-0.005905387839374717, 0.0028700532197617635], "neutralMinionsKilled": [-0.0394585051409414, 0.030326013962761224]}, "201": {"win": [-0.04018626652222992, 4.0842680574074715], "kills": [0.05401217174686513, 0.7329250722689993], "deaths": [0.010925508617001247, 0.14764612368620572], "assists": [-0.0093490996271283, 0.028656696003454527], "totalDamageDealtToChampions": [-6.776215254229597e-05, 2.123804736653e-07], "damageDealtToObjectives": [-0.00017777296553077947, 1.3674904183869949e-07], "visionScore": [-0.021929084801472917, 0.0017560993701800597], "goldEarned": [-7.263031953347786e-05, 2.7240113486301536e-07], "totalTimeCrowdControlDealt": [0.0005420383055967385, 9.181801241735568e-06], "champLevel": [-0.0112222113425614, 0.32842001917419583], "totalMinionsKilled": [-0.011082413411008263, 0.004833004018607482], "neutralMinionsKilled": [-0.22555119880141403, 0.02557831996830893]}}