{"110": {"win": [0.4885872718750102, 3.724972677586846], "kills": [0.07268340574434727, 0.07706623443173066], "deaths": [-0.1122881461802706, 0.09809744813917796], "assists": [0.022916759750470396, 0.056910621221195355], "totalDamageDealtToChampions": [1.4130693553312956e-05, 1.2789139295883126e-08], "damageDealtToObjectives": [3.78272639883344e-05, 1.2603300076372231e-08], "visionScore": [0.0017378307056147807, 0.005742744196468152], "goldEarned": [3.332007590370439e-05, 6.254213698621163e-08], "totalTimeCrowdControlDealt": [0.00011123145961300946, 1.2046546934623425e-05], "champLevel": [0.01522602568741706, 0.09307100372970713], "totalMinionsKilled": [0.0007720479385800722, 0.0002951020500939581], "neutralMinionsKilled": [-0.006512140765741703, 0.0034178864220226405]}, "222": {"win": [-0.044741309916180354, 4.086358147943213], "kills": [-0.0016353327888558753, 0.06413365934928808], "deaths": [-0.1101742390135781, 0.09985960647755085], "assists": [-0.06363031220962223, 0.07724817456874684], "totalDamageDealtToChampions": [-8.699584158984831e-07, 9.256391931518582e-09], "damageDealtToObjectives": [5.197744602549204e-06, 1.2469386586520991e-08], "visionScore": [-0.023673125485487046, 0.011483133126941793], "goldEarned": [1.2818552509922487e-05, 6.661749237445599e-08], "totalTimeCrowdControlDealt": [0.000606667443316922, 5.846193060111534e-05], "champLevel": [-0.01920771680149271, 0.16214237637750373], "totalMinionsKilled": [-0.0036799048245561797, 0.0005131572998194966], "neutralMinionsKilled": [-0.017706799836849665, 0.0033417024063057276]}}